Título;Texto
Copasa passa a integrar o índice Ibovespa da B3;A Companhia de Saneamento de Minas Gerais (Copasa MG) ingressou, nesta segunda-feira (5), no Ibovespa, o principal índice de desempenho das ações negociadas na B3. A inclusão das ações ordinárias da companhia (CSMG3) na carteira tem vigência estabelecida até 30 de abril de 2026 e marca o reconhecimento do mercado financeiro à relevância da empresa no cenário nacional. A entrada no Ibovespa distingue-se da listagem comum na B3, da qual a Copasa faz parte desde 2006, por reunir apenas o grupo seleto de ativos com maior liquidez na Bolsa. Para a companhia, a entrada no índice é um vetor estratégico que amplia a visibilidade institucional e consolida um ciclo de amadurecimento na relação com o mercado, posicionando-a em um novo patamar de exposição na bolsa brasileira. Além do Ibovespa, a Copasa mantém presença consolidada em outros indicadores da B3, como o Índice de Dividendos (IDIV), o Índice de Sustentabilidade Empresarial (ISE), o Índice de Governança Corporativa Trade (IGCT) e o Índice de Carbono Eficiente (ICO2). 
Copasa avança na agenda climática e integra índice ICO2 B3, referência na transição energética no Brasil;A Copasa foi incluída na carteira 2026 do Índice Carbono Eficiente (ICO2 B3), iniciativa da B3 que reúne empresas com melhor desempenho na gestão de emissões de gases de efeito estufa (GEE) e práticas sustentáveis. Essa conquista posiciona a companhia como referência no setor, alinhada às metas globais de transição energética e ao Acordo de Paris.Para integrar o ICO2 B3, a Copasa atendeu a todos os critérios estabelecidos pela metodologia do índice, incluindo:• Eficiência no coeficiente emissão/receita, figurando entre as empresas mais eficientes do subsetor. Score de Gestão de Emissões (SGEE) superior à média do segmento, resultado da adoção de práticas robustas de governança climática. Implementação de seis práticas de gestão de emissões, acima do mínimo exigido, como supervisão pelo Conselho, metas climáticas e reporte alinhado a padrões internacionais (TCFD/IFRS).A Copasa se destacou como a empresa mais eficiente do subsetor Água e Saneamento, apresentando um coeficiente emissão/receita de 0,08532. Além disso, seu Score de Gestão de Emissões (SGEE) atingiu 66 pontos, superando a média do subsetor (61,44). Esses resultados reforçam a liderança da companhia na gestão climática e sua capacidade de conduzir iniciativas sustentáveis no setor de saneamento básico.Segundo a B3, o ICO2 é um indicador que valoriza empresas comprometidas com a redução de carbono e a transparência na divulgação de dados ESG. A presença da Copasa no índice reforça o compromisso com a sustentabilidade e a inovação, contribuindo para um futuro de baixo carbono e para a geração de valor.O reconhecimento também fortalece a credibilidade da Copasa junto ao mercado e investidores, evidenciando sua estratégia de longo prazo para mitigação de riscos climáticos e promoção de práticas responsáveis.
Copasa celebra sucesso de público na Virada da Liberdade e reforça compromisso com a cultura mineira;Realizado pelo Governo de Minas e pela Secretaria de Estado de Cultura e Turismo (Secult), evento contou com patrocínio da Copasa e reuniu 30 mil pessoas na Praça da Liberdade.A Praça da Liberdade reafirmou-se, na última noite de 2025, como o principal palco da celebração de Ano Novo em Minas Gerais. Com o patrocínio da Copasa e realizado pela Secretaria de Estado de Cultura e Turismo de Minas Gerais (Secult), a quarta edição da Virada da Liberdade reuniu milhares de pessoas em uma festa marcada pela integração entre tecnologia, música e a identidade do estado.O evento, que contou com um palco cenográfico imponente e apresentações de artistas como Juarez Moreira, Lagum, Aline Calixto e Biquini, teve como ponto alto o show de centenas de drones. Sincronizados, os equipamentos desenharam no céu símbolos da mineiridade, celebrando a chegada de 2026.
Copasa alerta para consumo consciente de água durante onda de calor e chuvas esparsas;Em Minas, alguns municípios, incluindo a Região Metropolitana de Belo Horizonte (RMBH), têm enfrentado intermitências em razão do aumento abrupto do consumo. Diante de ondas de calor e altas temperaturas, há uma tendência de elevação do consumo de água e isso pode gerar um desequilíbrio dos sistemas   de abastecimento.Nos últimos anos a Copasa vem incrementando sua capacidade de atendimento aos picos de demanda e, consequentemente, reduzindo os eventos de racionamento, tendo investido nos últimos 7 anos mais de R$ 9 bilhões, e programa investir nos próximos 5 anos R$ 21 bilhões em ações de esgotamento, de ampliação da capacidade de produção de água potável, sendo R$ 3,7 bilhões só em redução de perdas.Até o momento, os municípios não correm risco de desabastecimento, mas para que o sistema de fornecimento de água siga acontecendo, a Copasa faz um chamado à população para adotar medidas que evitem o desperdício de água. Atitudes simples podem garantir que a população mineira passe esse período em situação melhor que outros estados.
Marília Carvalho de Melo assume presidência da Copasa;"A Companhia de Saneamento de Minas Gerais (Copasa) tem uma nova presidente. Marília Carvalho de Melo assume o cargo com o objetivo de liderar o processo de desestatização da empresa e acelerar a universalização do saneamento no estado. Marília substitui Fernando Passalio, que estava à frente da concessionária desde fevereiro deste ano. “É um orgulho enorme estar à frente da Copasa. Temos um grande desafio pela frente que é dar continuidade ao processo de modernização e crescimento da Companhia, preparando para a desestatização. E vamos manter o foco e o diálogo com quem constrói essa empresa diariamente, que são os empregados da companhia, para que saibam da importância do trabalho de todos para o futuro do saneamento em Minas”, destacou a presidente. Com sólida trajetória na gestão ambiental e de recursos hídricos, Marília possui graduação em engenharia civil pela Universidade Federal de Minas Gerais (UFMG). Ela também tem mestrado em saneamento, meio ambiente e recursos hídricos pela mesma instituição; além de ser doutora em recursos hídricos pelo Programa de Engenharia Civil (PEC) do Instituto Alberto Luiz Coimbra de Pós-Graduação e Pesquisa de Engenharia (Coppe) da Universidade Federal do Rio de Janeiro (UFRJ). Exerceu, além da docência, a coordenação do curso de mestrado profissional de sustentabilidade em recursos hídricos na Universidade Vale do Rio Verde (UninCor). A nova presidente da Copasa também foi professora de hidrologia na Escola de Engenharia Kennedy (EEK). Servidora de carreira do Sistema Estadual de Meio Ambiente e Recursos Hídricos (SISEMA) desde 2006, antes de sua nomeação para a Secretaria de Estado de Meio Ambiente e Desenvolvimento Sustentável (Semad), onde se consagrou como a primeira mulher a comandar a pasta, atuou como diretora-geral do Instituto Mineiro de Gestão das Águas (Igam) em duas oportunidades."
Copasa investe R$ 1,8 milhão para otimizar pressão da água no Alto Paranaíba;A Copasa investiu mais de R$ 1,8 milhão no sistema de abastecimento de água dos municípios de Araxá, Conquista, Perdizes, São Gotardo e Tapira, no Alto Paranaíba. O aporte tem como finalidade aprimorar a gestão de pressão nas redes de fornecimento. As intervenções, que ocorreram ao longo de 2025, beneficiarão mais de 180 mil pessoas. Leandro Cruz, gerente regional, detalhou os benefícios. “Essa operação permite que os clientes tenham um fluxo de água ainda mais estável e adequado. Isso facilita a realização de tarefas diárias, como lavar roupas ou limpar a casa. Essa estabilidade também aumenta a durabilidade do nosso sistema hidráulico”, destacou. A iniciativa ainda favorece a prevenção de vazamentos, permitindo que equipes operacionais sejam direcionadas para outras frentes de serviços. Além disso, a equalização da pressão contribui para um menor consumo de eletricidade. Juntos, esses fatores ajudam na preservação ambiental, uma vez que ocorre menor extração de água dos mananciais. Leonardo Sobral, técnico de Projetos e Obras, explicou na prática o papel dos dispositivos. “A água é distribuída com pressão compatível com a legislação. Se ocorre algum tipo de interrupção, ao ser restabelecida, nossas redes, principalmente as mais antigas, percebem uma certa fadiga natural, o que pode causar seu rompimento. Com essa gestão, nós reduzimos esse risco de vazamentos”, disse. Foram instaladas 45 válvulas controladoras de vazão em pontos estratégicos dos citados municípios. Os equipamentos são capazes de distribuir para os clientes a água que passa pelas tubulações da Companhia de maneira uniforme. Dessa forma, os imóveis recebem água com a mesma quantidade e pressão, independente se estão localizados em partes baixas ou altas.
Abastecimento de água é universalizado em distrito do Vale do Rio Doce;A Copasa concluiu neste mês de dezembro as obras de implantação do sistema de abastecimento de água em Novo Horizonte, distrito pertencente ao município de Inhapim, localizado no Vale do Rio Doce. Durante os trabalhos, foram investidos mais de R$ 2,7 milhões no empreendimento que beneficiará cerca de 460 pessoas na região. O índice de cobertura do serviço de abastecimento de água da Copasa em Novo Horizonte (Inhapim) teve um grande salto, saindo de 0% antes dos trabalhos para 99% após a conclusão das obras. O Marco Legal do Saneamento no país determina que, para universalizar este serviço em um município, é necessário alcançar o mínimo de 99% até dezembro de 2033. Essas áreas rurais estão sendo atendidas pelo programa Universaliza Minas da Copasa, iniciativa que visa garantir saneamento em mais de 330 localidades do Estado, a fim de atingir as metas do Novo Marco. Por meio do programa, estão sendo investidos R$ 400 milhões para beneficiar cerca de 320 mil pessoas da zona rural nos municípios onde a Copasa detém concessão. No andamento das obras foram construídos um poço de captação de água profundo, uma adutora de água bruta de aproximadamente 1.065 metros de comprimento para condução da água captada até à Estação de Tratamento de Água (ETA) que também foi confeccionada na região. Ainda foram produzidos um reservatório com capacidade de armazenar até 30 mil litros de água, uma rede com cerca de 3.485 metros para distribuir a água tratada aos imóveis na localidade, bem como a execução de 191 ligações prediais de água.
Copasa entrega panetones à instituição filantrópica de Frutal;Os integrantes do Programa de Voluntários da Copasa realizaram mais uma ação de Natal. Para tornar a data ainda mais doce e mágica, na última quarta-feira (17/12) os empregados presentearam com panetones os internos da Casa da Criança Santo Antônio de Pádua, em Frutal, no Pontal do Triângulo. Representando a Companhia e arrancando sorrisos do público infanto-juvenil, estiveram no local os assistentes administrativos Leonara Batista, Eliomarcos Oliveira e Márcio Lamarque. A ação ainda teve apoio de Mário Piazza, que também é representante da equipe de desenvolvimento social. 158 panetones foram entregues. Leonara falou sobre a ação. “Um gesto simples, mas sincero, que fez com que as crianças se sentissem acolhidas. Mais uma vez estamos reiterando, por meio do nosso papel como cidadãos, nossa preocupação com a sociedade. É gratificante ver a alegria autêntica deles”, pontuou. Irmã Maria de Lourdes Fonseca, diretora administrativa da instituição, agradeceu. “Ações como essas têm uma relevância significativa para nosso projeto. Elas nos fazem entender que a luta vale a pena e que não estamos sozinhos. Em nome da Casa da Criança, dos colaboradores e da diretoria, quero externar minha gratidão aos que participaram. Deus abençoe a todos”. A atividade foi idealizada a partir do Programa Voluntários da Copasa, uma iniciativa estratégica, coordenada pela Gerência de Desenvolvimento Social, que promove o engajamento de empregados(as) voluntários(as) em ações sociais relevantes. Alinhado às necessidades das comunidades, o programa proporciona a troca de conhecimentos, recursos e experiências, gerando impactos positivos para todos os envolvidos. A mobilização da Copasa também faz parte do Programa Engajar para Transformar, cujo objetivo é estreitar o relacionamento com seus clientes por meio de um atendimento humanizado, empático e direcionado às necessidades da população.
Copasa abraça Natal Solidário e fortalece vínculo com comunidades de Araxá;Em apoio a mais uma ação social, a Copasa marcou presença no tradicional Natal Solidário, em Araxá, neste sábado (20/12). Realizado desde 2008, o evento reúne famílias dos bairros Aeroporto, Cincinato de Ávila e arredores em um momento de interação entre os moradores e descontração para as crianças. Dezenas de araxaenses participaram da festividade, realizada das 9h às 13h, na rua Nélio Roberto Guimarães. O público infantil se divertiu com a grande variedade de brinquedos. Os empregados da Copasa se mobilizaram para arrecadar doces, pipocas e copos para a realização do encontro. Wesley Meireles, assistente administrativo e representante da equipe de Desenvolvimento Social falou sobre o evento. “É uma forma de fortalecer o senso comunitário, promover maior proximidade com a população e tornar mais feliz o Natal das crianças”, afirmou. A coordenadora do projeto, Claudete Marques, agradeceu a colaboração. “A participação da Copasa e de outras empresas apoiadoras é muito importante. É por meio das parcerias que conseguimos promover essas atividades. Quanto mais pessoas e instituições abraçarem a causa, mais crianças conseguiremos atender. E é satisfatório ver a felicidade nos olhos delas”, disse.
Copasa adere à ABCON para fortalecer avanço na universalização do saneamento em Minas Gerais;A Companhia de Saneamento de Minas Gerais (Copasa) formalizou, nesta sexta-feira (19/12), sua filiação à Associação Brasileira das Empresas de Saneamento (ABCON). A adesão à associação do setor reforça a estratégia da Companhia de ampliar o diálogo técnico, institucional e regulatório para o cumprimento das metas do Novo Marco Legal do Saneamento (Lei Federal nº 14.026/2020). A cerimônia de assinatura contou com a presença do diretor-presidente da Copasa, Fernando Passalio, que formalizou a filiação ao lado da diretora-presidente da ABCON, Christianne Dias Ferreira, e do presidente do Conselho de Administração da ABCON, Rogério de Paula Tavares. Também participaram o secretário de Estado Adjunto Frederico Amaral, representando a secretária de Estado de Desenvolvimento Econômico, Mila Corrêa da Costa, e a secretária de Estado de Meio Ambiente e Desenvolvimento Sustentável, Marília Melo. Com a adesão, a Copasa passa a integrar um ambiente de interlocução qualificada que atua na defesa dos interesses do setor junto aos poderes Executivo, Legislativo e Judiciário, além de acompanhar processos regulatórios, subsídios, consultas públicas da Agência Nacional de Águas e Saneamento Básico (ANA) e debates estratégicos para o desenvolvimento do saneamento no país. “Esta parceria com a ABCON representa um passo relevante da Copasa na agenda de modernização e fortalecimento institucional. A associação permite acesso a apoio multidisciplinar, estudos técnicos e articulação setorial voltados à atração de investimentos e estruturação de projetos que vão contribuir para aceleração da universalização dos serviços de água e esgoto em Minas Gerais”, destacou o presidente da Copasa, Fernando Passalio. Para o presidente do Conselho de Administração da ABCON, Rogério Tavares, a chegada da Copasa reforça a representatividade do setor em um dos mais importantes estados brasileiros. “A chegada da Copasa representa um marco para a ABCON, pois trará capilaridade aos temas setoriais. A ABCON inicia um novo ciclo com mais força para contribuir com as políticas públicas de saneamento básico”, afirmou. De acordo com a secretária de Estado de Meio Ambiente e Desenvolvimento Sustentável, Marília Melo, a parceria amplia o diálogo com o setor e fortalece a adoção de práticas sustentáveis na prestação dos serviços. “Esse é um passo importante para tornar a Copasa ainda mais preparada para os desafios da universalização do saneamento, com foco em eficiência, inovação e responsabilidade ambiental”, ressaltou. Mila Corrêa da Costa, secretária de Estado de Desenvolvimento Econômico, reforça que essa adesão fortalece a Copasa como uma empresa mais moderna, preparada para os desafios regulatórios e capaz de dialogar com as melhores práticas do setor. “A universalização do saneamento é prioridade máxima do Governo de Minas e exige inovação, governança e articulação institucional. Ao integrar a ABCON, a Copasa amplia sua capacidade técnica e estratégica para cumprir o Marco Legal do Saneamento e garantir mais dignidade e qualidade de vida aos mineiros”, explicou.
Copasa instala “tanque pulmão” em ETE e reforça proteção ambiental no Triângulo;A Copasa concluiu neste mês em Centralina, no Triângulo Mineiro, a instalação de um “tanque pulmão”, equipamento utilizado para armazenar emergencialmente o efluente em situações de falha no sistema de esgotamento sanitário, evitando o extravasamento na natureza. Equipamento está avaliado em R$ 610 mil. A estrutura começou a ser construída em agosto deste ano e está avaliada em R$ 610 mil. O tanque está instalado junto à elevatória, máquina que recebe e bombeia os efluentes provenientes do uso doméstico para a Estação de Tratamento de Esgoto (ETE). Ele funciona como uma contenção provisória, ou seja, um espaço de armazenamento de emergência. O gerente regional da Copasa, Júlio Cézar Silva, explicou os benefícios no sistema de tratamento. “A nova estrutura reforça a segurança do processo ao evitar extravasamentos de esgoto na natureza, favorecendo a preservação da fauna e da flora, consequentemente, estimulando a perenidade do meio ambiente”, disse. Manoel Silva, encarregado do polo regional da Copasa, destacou que o tanque ainda otimiza a operação de esgotamento sanitário, uma vez que viabiliza o escoamento de esgoto sem grandes variações de volume. “Tal fator minimiza a sobrecarga dos equipamentos, prevenindo danos operacionais. Como reflexo, obtém-se um tratamento cada vez mais eficiente”, disse. Desde 1980 a Copasa opera em Centralina, quando assumiu os serviços de abastecimento de água. Em 2013 iniciou também a operação do sistema de esgotamento sanitário. A ETE da cidade recebe o esgoto de 3.074 imóveis. Com capacidade para tratar até 50 litros por segundo, cerca de 1,38 milhão de litros de esgoto são tratados diariamente. A iniciativa também foi adotada em outros municípios. Em Patos de Minas, por exemplo, um “tanque pulmão” foi instalado em uma elevatória construída recentemente e entrará em operação em breve, com as obras de ampliação do sistema de esgotamento sanitário do município. O tratamento do esgoto proporciona inúmeros benefícios. Para a sociedade, contribui para a melhoria da saúde da população em geral, prevenindo doenças causadas por água contaminada. Para o município, reduz gastos públicos com saúde, e melhora o Índice de Desenvolvimento Humano (IDH), promovendo a valorização do potencial turístico local e proporcionando maior atração de investimentos privados para a cidade. Já para o meio ambiente, favorece a despoluição de cursos hídricos, ajudando na conservação da natureza para que dela possam desfrutar as gerações atuais e futuras.
Copasa patrocina maior galeria urbana itinerante da Grande BH;Transformar o deslocamento diário em uma experiência cultural para milhares de pessoas na Região Metropolitana de Belo Horizonte. Esse é o objetivo do projeto “Arte Pela Via” que, com o patrocínio da Copasa, leva intervenções de arte urbana para a lataria de ônibus que circulam pela capital e cidades vizinhas. A iniciativa, viabilizada pela Lei Estadual de Incentivo à Cultura, converte o transporte coletivo em telas gigantes assinadas por talentos mineiros, criando a maior exposição de arte em movimento do país. Com curadoria de Roger Dee, o projeto reúne obras exclusivas de artistas de destaque na cena urbana, como Ed-Mun, Kota, Kaká Chazz e Samm Amarante. As criações rompem as barreiras dos museus e vão diretamente ao encontro da população, democratizando o acesso à arte contemporânea nos trajetos entre Belo Horizonte, Contagem, Betim e outros municípios. A execução prevê o envelopamento de três ônibus articulados, quinze ônibus do modelo padron e 150 backbus, que circularão pelas principais vias da capital, como MG-010, avenidas Pedro I, Cristiano Machado, Antônio Carlos, Nossa Senhora do Carmo, Afonso Pena e Amazonas. Com duração estimada de cinco meses e validade até dezembro de 2025, o projeto deve impactar diretamente cerca de 200 mil pessoas e, indiretamente, atingir aproximadamente 2,5 milhões de cidadãos. Com o tema “Cidades Fluídas”, a finalidade do projeto é inserir seu olhar na percepção de um espaço e tempo cibernético. A experiência do cotidiano de ir e vir demonstra que a população parou de observar os detalhes do dia a dia, onde a realidade presente é a internet, as paredes e muros são espelhos, as poucas janelas se abrem para dentro, as portas e as escadas são túneis que se abrem para o subsolo indicando que não chegam a lugar nenhum. Estas imagens revelam o desconforto do passageiro no ônibus, que embarca e se senta para ver o sol se pôr nos relógios digitais. Essa reflexão transforma o transporte coletivo em uma experiência artística acessível e inovadora.
Copasa participa pelo 6º ano da Campanha Natal dos Correios em Divinópolis;Pelo sexto ano consecutivo, a Copasa participou da Campanha Natal dos Correios em Divinópolis. Empregados de diversos setores apadrinharam mais de 100 cartas com pedidos de presentes de crianças assistidas por instituições da cidade. Na sexta-feira (12/12) uma comitiva de carros dos Correios, Copasa e de voluntários, que saiu da sede da Companhia, percorreu as ruas da cidade até a Casa Santa Isabel, no bairro São Domingos. No local da entrega, além de um lanche especial oferecido pela Copasa, as crianças receberam o Papai Noel dos Correios, que levou os presentes doados pelos empregados da Companhia. A Casa Santa Isabel atende crianças de 0 a 12 anos em situação de vulnerabilidade. A instituição dá abrigo e acolhimento aos que precisam de um lar provisório. “É uma época em que as crianças ficam emocionadas, não apenas por ganharem um brinquedo ou presente, mas também pelo momento de socialização e carinho que elas têm”, ressaltou a diretora Silvana Silva.
Copasa distribui presentes de Natal para alunos de escola pública em Patos de Minas;O Natal começou mais cedo para os estudantes da Escola Municipal Professor Aristídes Memória, popularmente conhecida como Caic, em Patos de Minas. As crianças foram presenteadas por empregados da Copasa, nesta terça-feira (16/12). A ação tradicional ocorre há vários anos e visa tornar a data ainda mais encantadora para os pequenos.Como de costume, no mês de dezembro os alunos da instituição localizada em um bairro periférico da cidade escrevem cartinhas para o Papai Noel. O endereço é o Polo Norte, mas na verdade elas são apadrinhadas por colaboradores da Companhia que, com todo carinho, atendem aos pedidos. Entre os presentes estavam bonecas, carrinhos, skates e até fantasias.Representaram a empresa no evento os assistentes administrativos e membros do Programa de Voluntários da Copasa Renata Thompson e Daniel Cardoso. Um total de 20 presentes foram distribuídos para alunos de 6 até 8 anos.Renata destacou a importância da atividade. “A infância é um momento mágico, que precisa ser aproveitado. Poder contribuir para que as crianças criem memórias especiais vai além do nosso propósito de cuidar da água e gerar valor para as pessoas. É gratificante e deixa o coração quentinho”, ressaltou.Para Wesley Meireles, assistente administrativo e representante da equipe de Desenvolvimento Social, isso reforça ainda mais o papel social da Companhia. “Esta é uma iniciativa que ultrapassa o ato de dar presentes. Ela ajuda na promoção do interesse pelo aprendizado, promove o fortalecimento de vínculos e fortalece o senso de responsabilidade social nos jovens que amanhã serão o nosso futuro”, pontuou.A comunidade escolar aprova a prática. “Esta ação valoriza nossas crianças menos favorecidas. Eu vejo a felicidade delas e a realização de seus sonhos, principalmente quando recebem aquilo que pediram, tornando esse momento ainda mais especial e significativo”, disse a supervisora educacional de escola de tempo integral, Maria Aparecida de Lima.
Copasa dá passo decisivo para universalizar tratamento de esgoto em Madre de Deus de Minas;"Assinatura da Ordem de Serviço com prefeitura para a 2ª etapa das obras conta com investimentos da ordem de R$ 12 milhões. A Copasa e a Prefeitura de Madre de Deus de Minas, no Campo das Vertentes, deram o passo decisivo para o desenvolvimento do município ao assinarem, neste mês, Ordem de Serviço para início da 2ª etapa das obras de esgotamento sanitário. Com investimentos de R$ 12 milhões, as obras vão universalizar o serviço ao atingir 90% de esgoto coletado e tratado na cidade. Com início das obras previsto para janeiro de 2026, a Copasa avança para a fase final das melhorias do sistema, que incluirá a construção da Estação de Tratamento de Esgoto (ETE). A unidade vai realizar etapas físicas, biológicas e de polimento, garantindo que o esgoto tratado atenda plenamente às normas ambientais. A expectativa é que as obras sejam concluídas até março de 2027. Durante os 14 meses de trabalho, além da ETE, também serão implantados 633 metros de interceptor de esgoto, 3.600 metros de rede coletora, uma unidade de bombeamento final e 280 ligações prediais.O gerente de Expansão da Copasa, Filipe Rocha, destacou o caráter estruturante do empreendimento. “Essa obra consolida um planejamento técnico elaborado para entregar ao município uma infraestrutura moderna e segura, preparada para acompanhar o crescimento de Madre de Deus de Minas”, explicou.A assinatura da Ordem de Serviço contou com a presença do prefeito Osmar de Oliveira; do secretário Municipal de Obras, Meio Ambiente e Urbanismo, Everton Robson Inácio; além de representantes da Copasa e do consórcio responsável pela execução das obras."
Copasa avança com obras de ampliação de abastecimento de água em Pouso Alegre;A Copasa avança nas obras de ampliação e melhorias do Sistema de Abastecimento de Água de Pouso Alegre, no Sul de Minas. Até o momento, mais de 70% dos serviços previstos já foram executados, com destaque para a conclusão e início de operação da primeira Estação de Tratamento de Água (ETA) do Chapadão, com capacidade de 100 litros por segundo.Além da nova ETA do Chapadão, já foram concluídas outras ações importantes, como a implantação de mais de 23 mil metros de adutoras de água tratada e 1,6 mil metros de adutora de água bruta, ampliando a eficiência no transporte de água entre os sistemas produtores.Também foram substituídos 4 mil metros de redes de distribuição e instalados novos reservatórios em diferentes pontos da cidade. As interligações do Chapadão com os bairros Jardim Aeroporto, Morumbi, Jacarandá, Faisqueira, CDI (Distrito Industrial), São João III e Santa Bárbara também já estão finalizadas. O conjunto de obras, que soma mais de R$ 69 milhões em investimentos atualizados, está previsto para ser concluído em abril de 2027. Além de reforçar a infraestrutura já existente, a Copasa também estuda uma nova expansão para atender ao crescimento do setor industrial do município. As frentes de trabalho continuam ativas em diversos bairros, em toda a cidade, com a implantação de novas adutoras, melhorias em unidades de bombeamento e construção de reservatórios. Ao todo, sete novos reservatórios estão em construção e vão acrescentar 6,2 milhões de litros à capacidade de armazenamento de água da cidade, que passará a totalizar 24,7 milhões de litros — um aumento superior a 33% em relação ao volume atual. Também estão em andamento as obras da segunda ETA do Chapadão, cuja ordem de serviço já foi assinada, com previsão de entrega em 2026. Quando finalizado, o sistema terá sua capacidade de produção aumentada de 80 litros por segundo para 300 litros por segundo, beneficiando diretamente cerca de 140 mil moradores. O gerente de Projetos, Edval Fortes, ressaltou o avanço das frentes de trabalho e a relevância técnica das intervenções. “Estamos implantando uma infraestrutura robusta, que inclui novas adutoras, reservatórios e estações de tratamento. É um projeto complexo, planejado para dar mais eficiência ao sistema e garantir que a produção, reservação e distribuição de água acompanhem o ritmo de crescimento da cidade”, explicou. egundo o gerente regional da Copasa, Joab Borges, as obras representam um marco para o futuro do abastecimento em Pouso Alegre. “Muito em breve a cidade terá maior segurança hídrica, reservação reforçada e a garantia de água tratada com qualidade e regularidade para todos”, destacou. O superintendente de Operações na região Sul, Luiz Eduardo Carvalho Gomes, reforçou o caráter estratégico do investimento. “Essas obras preparam Pouso Alegre para o presente e para o futuro. Estamos ampliando a capacidade do sistema de abastecimento para atender a população e também os novos empreendimentos que chegam ao município. A Copasa reafirma, assim, seu compromisso de estar ao lado da cidade em seu desenvolvimento”, concluiu.
Copasa conclui obras de R$ 7,6 milhões na Estação de Tratamento de Esgoto de Paracatu;Em mais um avanço sentido à qualidade de vida da população, a Copasa concluiu as obras para melhoria da Estação de Tratamento de Esgoto (ETE) de Paracatu, no Noroeste de Minas Gerais. Avaliadas em R$ 7,6 milhões, as intervenções geraram 102 empregos. Aproximadamente 90 mil habitantes foram beneficiados. Os serviços tiveram dois anos e meio de duração. A superintendente de Operações Centro-Oeste da Copasa, Cristiane Carneiro, destacou os benefícios decorrentes das intervenções. “As obras ampliam ainda mais a eficiência do tratamento, otimizam a operação e contribuem para a redução de possíveis odores”, destacou. Fabrício Rezende, gerente de Expansão Centro-Oeste da Companhia, explicou o que foi feito e os impactos. “Retiramos 35.000 m³ de lodo – como são chamados os resíduos sólidos oriundos do tratamento. Com isso, o volume útil foi restabelecido. Assim, podemos atender à demanda mesmo que ocorra crescimento da cidade”, explicou. As intervenções consistiram no desassoreamento das lagoas anaeróbias – remoção de lodo das unidades que contêm microrganismos responsáveis por decompor a matéria orgânica dos efluentes – e na construção de uma nova estrutura do tipo, a qual recebeu os sedimentos das estruturas já existentes. lton Dornelas, supervisor de Tratamento de Esgoto, destacou as vantagens de poder contar com um sistema de esgotamento sanitário. “Previne doenças causadas por água contaminada e, consequentemente, reduz gastos com a saúde pública. Ajuda a valorizar os imóveis e o potencial turístico. Também promove a preservação ambiental”, concluiu.  gerente regional Saulo Bernardes reafirmou o compromisso da empresa. “Nosso objetivo é levar, por meio da água e esgoto tratados e da conservação do meio ambiente, saúde e bem-estar à população. Estamos muito felizes com a conclusão de mais um projeto. Isso também reforça nossa preocupação com os paracatuenses”, destacou.
Copasa inicia obras de melhoria na Estação de Tratamento de Esgoto de Frutal;Ampliar a eficiência da Estação de Tratamento de Esgoto (ETE) de Frutal, no Pontal do Triângulo. É com esse objetivo que a Copasa está investindo mais de R$ 9 milhões no município. As obras, iniciadas no fim de outubro deste ano, devem ser concluídas em junho de 2026, beneficiando os cerca de 60 mil moradores. Foram gerados 15 empregos para a execução dos serviços. O aporte viabilizará o desassoreamento das lagoas anaeróbias. Isso significa que, das unidades que contam com microrganismos responsáveis por remover a matéria orgânica presente no esgoto, serão removidos 8,5 milhões de litros de lodo – como são chamados os resíduos sólidos gerados durante o tratamento. À frente da Gerência de Expansão Centro-Oeste da Copasa, Fabrício Rezende explicou o andamento dos trabalhos. “As atividades demandam a utilização de máquinas pesadas e equipamentos específicos. O lodo removido será estocado em recipientes denominados bags. Posteriormente, será encaminhado para descarte em local adequado”, afirmou. Para o gerente regional Júlio Cézar Silva, as atividades reforçam o compromisso da Companhia com a população. “Com a retirada dos sedimentos, a lagoa recupera sua capacidade total de armazenamento, nos permitindo atender à sede do município, mesmo em caso de sua expansão. Também otimiza a operação, evitando obstruções das tubulações nas saídas das lagoas”, disse. Renato Carvalho, gestor de Tratamento de Esgoto, falou dos benefícios das intervenções. “O desassoreamento possibilita que o efluente fique menos tempo nas lagoas, mas tenha uma qualidade de tratamento igual ou superior à atual, evidenciando a eficiência do processo. Também favorece a redução de possíveis odores no local”, pontuou. A Copasa está em Frutal desde 1976, quando assumiu o sistema de abastecimento de água. Em 1985, iniciou a operação do sistema de esgotamento sanitário. Com capacidade para tratar até 160 litros de esgoto por segundo, a ETE recebe efluentes de 27.321 imóveis.
Pró-Mananciais celebra resultados e fortalece ações de preservação em Minas Gerais;Cerca de 400 pessoas marcaram presença na noite de quarta-feira (03/12) durante a abertura do 7º Encontro do Pró-Mananciais, realizado no Tauá Resort, em Caeté. O evento reuniu representantes de diversas regiões do estado e celebrou não apenas a história do programa, mas também seu impacto social, ambiental e econômico. Criado em 2017, o Pró-Mananciais já se consolidou como referência em todo o país pelas iniciativas de proteção e recuperação de microbacias hidrográficas em Minas Gerais, fortalecendo políticas públicas e envolvendo sociedade e instituições em um movimento de cuidado coletivo com os recursos naturais. Atualmente presente em 288 municípios, o programa totaliza R$ 162 milhões investidos em ações que promovem recuperação ambiental, melhoria na qualidade da água e ampliação da disponibilidade hídrica. Os resultados têm refletido diretamente na vida das comunidades que dependem dessas bacias para subsistência, abastecimento e desenvolvimento local. O diretor de Clientes, Comunicação e Sustentabilidade da Copasa, Cleyson Jacomini, celebrou o alcance do programa e reiterou o reconhecimento nacional conquistado este ano, com a premiação recebida no 23º Troféu Seriema – Prêmio Crea de Meio Ambiente. “É uma grande satisfação ver o Pró-Mananciais ser reconhecido com o Troféu Seriema, considerado o ‘Oscar da Sustentabilidade’. Concorrendo com projetos de grande porte, essa conquista reafirma a potência e a seriedade do trabalho que vem sendo desenvolvido”, afirmou. O Pró-Mananciais foi estruturado em parceria com a Agência Reguladora dos Serviços de Abastecimento Sanitário e Esgotamento Sanitário do Estado de Minas Gerais (Arsae-MG), que garantiu sua formalização e previsibilidade de investimentos, destinando 0,5% da Receita Operacional obtida com tarifas para o custeio das ações. A diretora-geral da agência, Deborah Carvalho, disse ser uma grande entusiasta do Programa que, segundo ela, “vai além das pessoas envolvidas diretamente nele”, e reforçou o valor das ações contínuas para os resultados alcançados. “O Pró-Mananciais é regulamentado e possui previsibilidade, diferentemente de muitas iniciativas que enfrentam incertezas orçamentárias ano após ano, o que garante a sua continuidade. É um compromisso coletivo e histórico”, destacou. A noite de abertura do Encontro contou também com a presença do medalhista olímpico Torben Grael, velejador com seis participações em Jogos Olímpicos e um dos atletas mais premiados do país. Em tom leve e espontâneo, ele compartilhou vivências da carreira, destacou a relação com o mar e fez um alerta sobre os impactos ambientais percebidos ao longo dos anos. “Temos visto rios cada vez mais rasos, perdendo riqueza por falta de proteção. Por isso a importância de projetos como o Pró-Mananciais, que preservam nossos recursos hídricos. Jogar o lixo no lugar correto é uma ação simples, mas essencial para manter vivos nossos cursos d’água”, afirmou.
Universaliza Minas leva água tratada a localidades no Vale do Rio Doce;A Copasa deu início a duas novas obras para implantação dos sistemas de abastecimento de água nos distritos de Bom Jesus do Divino e Córrego dos Viletes, ambos pertencentes ao município de Divino, no Vale do Rio Doce. Ao todo, a empresa está investindo mais de R$ 2,88 milhões nestes empreendimentos que tem previsão de término para junho de 2027. Após a conclusão dos trabalhos, cerca de 1.750 pessoas nas duas localidades serão beneficiadas com água tratada em suas residências. Copasa está investindo mais de R$ 2,88 milhões em obras em Bom Jesus do Divino e Córrego dos Viletes. Essas localidades estão sendo atendidos pelo Universaliza Minas da Copasa, iniciativa que visa garantir saneamento em mais de 330 localidades do Estado, a fim de atingir as metas do Novo Marco Legal até 2033. Por meio do programa, serão investidos R$ 400 milhões para beneficiar cerca de 320 mil pessoas da zona rural nos municípios onde a Copasa detém concessão. Em Bom Jesus do Divino serão implantados aproximadamente 6.440 metros de redes de água, além de um reservatório metálico apoiado com capacidade de armazenar 100 mil litros de água. Já no Córrego dos Viletes, a Copasa implantará 3.612 metros de redes de água, 702 metros de adutoras. Também será construído um reservatório metálico apoiado com capacidade de 50 mil litros de água. Em ambos os distritos será construída uma Estação de Tratamento de Água, uma casa de química, substituído os conjuntos motobombas dos dois poços de captação de água existentes e urbanizadas as unidades. O gerente interino da Copasa na região, Marcos Machado, destacou a importância do programa Universaliza Minas para o abastecimento destes distritos. “Antes da inserção destas localidades no programa, a Copasa não operava o sistema de abastecimento de água e as pessoas que moram nestas regiões não eram atendidas com a água tratada produzida pela empresa. Agora, isso vai mudar e, após os trabalhos, teremos 100% do percentual de cobertura do serviço de abastecimento de água em Bom Jesus do Divino e Córrego dos Viletes. Um marco para os moradores que terão mais dignidade, saúde e bem-estar”, disse o gestor. O índice de cobertura do serviço de abastecimento de água da Copasa em Divino já está universalizado com 100%. O Marco Legal do Saneamento no país determina que, para universalizar este serviço em um município, é necessário alcançar o mínimo de 99% dentro do mesmo prazo máximo que é dezembro de 2033. Outro benefício das obras para a cidade é a movimentação da economia local, já que os serviços vão gerar 10 postos de emprego e renda, com aquisições de materiais no comércio da cidade.
O que é o Programa Universaliza Minas;O Universaliza Minas da Copasa é pioneiro no Brasil em atendimento à população de áreas rurais e comunidades urbanas em vulnerabilidade. Seu principal objetivo é promover a universalização dos serviços de saneamento da Copasa, nos municípios em que a Companhia atua. Importante destacar que a água tratada é garantia de saúde e exige altos investimentos para sua captação, tratamento, reservação, distribuição e controle de qualidade. Para assegurar que o fornecimento atenda aos padrões estabelecidos pelo Ministério da Saúde, a Copasa realiza um rigoroso monitoramento da qualidade da água, além de investir em programas de preservação dos mananciais utilizados para abastecimento.
Governo de Minas, em parceria com a Copasa, abre participação social para Diagnóstico da Lagoa da Pampulha;O Governo de Minas, em cooperação com a Copasa e as Prefeituras de Belo Horizonte e Contagem, inicia um novo ciclo de participação social para qualificar o escopo do Diagnóstico da Bacia Hidrográfica e da Lagoa da Pampulha, que orientará as ações permanentes de revitalização e de promoção da segurança hídrica e sustentabilidade do complexo nos próximos anos. A Audiência Pública ocorrerá no dia 3 de dezembro, das 14h às 17h, no CÉU DAS ARTES – Unidade Ressaca, em Contagem (Rua Magnólia, 100 – Arvoredo). As inscrições devem ser feitas pela plataforma Sympla. Já a Consulta Pública On-line está disponível desde 19 de novembro e permanecerá aberta até 19 de dezembro, por meio de formulário eletrônico disponível aqui, permitindo que qualquer pessoa contribua com sugestões e percepções. Essa etapa de participação social integra o Convênio de Cooperação decorrente da Auditoria Operacional conduzida pelo Tribunal de Contas do Estado de Minas Gerais (TCE-MG), que estabeleceu diretrizes para fortalecer transparência, governança e corresponsabilidade entre os órgãos envolvidos na gestão da bacia e da lagoa.
Copasa se destaca no PNQS 2025 com premiação e cases de referência nacional;A Copasa mais uma vez se posiciona como referência nacional em saneamento ao se consagrar vencedora na categoria IGS – Gestão Avançada, do Prêmio Nacional da Qualidade em Saneamento (PNQS) 2025, com o case “Inovação em Ação: CCI a gestão centralizada de fraudes na Copasa”. A Cerimônia de premiação aconteceu em Campinas/SP, entre os dias 25 e 27 de novembro. O PNQS é considerado o principal prêmio de qualidade do setor de saneamento no Brasil, promovido pela Associação Brasileira de Engenharia Sanitária e Ambiental (ABES). A premiação reconhece práticas inovadoras e eficientes que contribuem para a melhoria da gestão e dos serviços prestados à população. ste ano, a Copasa se destacou pelo número expressivo e pela diversidade de cases finalistas que abordam desde inovação tecnológica, eficiência operacional, governança e sustentabilidade. Além do case vencedor “Inovação em Ação: CCI – gestão centralizada de fraudes na Copasa”, desenvolvido por Edmilson Lança Ferreira e Fernando de Castro Ferreira, da Superintendência de Desenvolvimento Comercial (SPDC/GNIC), os projetos finalistas da empresa reforçam a diversidade e relevância das iniciativas.
Copasa investe R$ 1,4 milhão para melhorar abastecimento de água em Luz;Para proporcionar maior segurança hídrica à população de Luz, região Central de Minas Gerais, a Copasa está investindo R$ 1,4 milhão em melhorias do sistema de abastecimento de água. Iniciadas em março deste ano, as intervenções têm previsão de término para dezembro próximo. Serão beneficiados os cerca de 18 mil habitantes. As obras contemplam a construção de um novo reservatório, com capacidade para armazenar mais de 500 mil litros de água, na região do Hospital Nossa Senhora Aparecida. Também serão implantados mais de 3,4 km de redes de distribuição pelo perímetro urbano. Alex Lopes, gerente regional em exercício, detalhou os benefícios das obras. “Essas melhorias aumentam a resiliência no sistema. Juntas, garantirão que a água chegue de forma mais eficiente à população. Ademais, quando houver necessidade de interromper o fornecimento para executar manutenções programadas ou emergenciais, a normalização ocorre de forma mais ágil”, disse. A Copasa está em Luz desde 1982 e busca melhorar constantemente para oferecer sempre a melhor experiência aos clientes. Diariamente, a empresa distribui, em média, 3,7 milhões de litros de água para abastecer aos mais de oito mil imóveis.
Copasa mais perto: Agência Móvel atende moradores do Manoel Pimenta;Pensando em ampliar o acesso aos seus serviços, estreitar o relacionamento com os clientes e oferecer uma oportunidade para a população solucionar suas pendências e acessar todos os serviços da Companhia com mais comodidade, a Copasa realizará atendimento por meio da Agência Móvel no Bairro Manoel Pimenta, em Teófilo Otoni, entre os dias 26 e 28 de novembro. Durante o período de atendimento, das 9h às 16h, os clientes poderão acessar diversos serviços por meio do veículo adaptado da Agência Móvel. Entre as opções disponíveis estão: negociação de débitos com condições especiais, atualização cadastral, solicitação de ligação de água e esgoto, mudança de titularidade, emissão de segunda via de contas, verificação de valores faturados, comunicação de vazamentos, entre outros. Em destaque, a Agência Móvel oferecerá serviços essenciais, como negociações de débitos e pedidos de religação e ligação de água para a região. Estes atendimentos são cruciais para a população, facilitando a regularização de pendências financeiras e a garantia do fornecimento do serviço nas residências. “A Agência Móvel é a forma que a Copasa encontrou de levar mais agilidade e facilidade no acesso aos nossos serviços e benefícios. É uma iniciativa que aproxima a Companhia da população, permitindo que diversos atendimentos sejam realizados de forma cômoda e rápida, diretamente no bairro, destacou o gerente da Regional Teófilo Otoni, Aldo José Diniz.
Agência Móvel;Esse trabalho faz parte do Programa Engajar para Transformar da Copasa e tem como proposta estreitar ainda mais o relacionamento com seus clientes, oferecendo uma abordagem empática, humana e focada nas demandas dos moradores. Ele é uma parceria das unidades de Desenvolvimento Sustentável, de Relacionamento com o Cliente e de Serviços Comerciais.
Agência Móvel da Copasa realiza atendimentos em Frutal;"A Agência Móvel da Copasa estaciona em Frutal nos dias 25, 26 e 27 de novembro. O veículo participa do 3º Feirão Limpa Nome, promovido pelo Procon Municipal. Os atendimentos ocorrerão no Centro de Eventos Yara Lins, que fica na rua Iturama, n.º 1.491, bairro Progresso, das 9h às 11h30 e das 13h às 16h. De acordo com o gerente regional da Copasa no município, Júlio Cézar Silva, a Agência Móvel facilita aos clientes o acesso aos serviços comerciais ofertados pela Companhia. “Com uma abordagem ágil, empática e resolutiva, a unidade itinerante é um reforço aos atendimentos no município. A ação aproxima e fortalece os laços com a população”, afirmou. No veículo de atendimento itinerante, a população poderá renegociar débitos com condições especiais de pagamento; solicitar 2ª via de faturas; atualizar dados; alterar titularidade; tirar dúvidas sobre a prestação de serviços da Copasa no município; solicitar revisão de contas e muito mais."
TarifaSocial;Na ocasião, também serão difundidas informações sobre a tarifa social. O benefício concede até 50% de desconto nas contas de água e esgoto de clientes categoria residencial inscritos no (CadÚnico), com renda mensal de até meio salário mínimo por pessoa. Também têm direito aqueles que sejam beneficiários do BPC/Loas (Benefício de Prestação Continuada).
Programa Engajar para Transformar;A mobilização da Copasa também faz parte do Programa Engajar para Transformar, cujo objetivo é estreitar o relacionamento com seus clientes por meio de um atendimento humanizado, empático e direcionado às necessidades da população. Esse programa é coordenado pela Gerência de Desenvolvimento Social da Companhia e conta com apoio das equipes de Relacionamento com o Cliente, Operação Comercial e Superintendência de Operações Centro-Oeste. O programa também está em consonância com os Objetivos de Desenvolvimento Sustentável (ODS) da Agenda 2030 da Organização das Nações Unidas (ONU) e integra a Agenda ESG da Copasa, sigla que se refere às questões ambientais, sociais e de governança corporativa.
Copasa conclui Sistema de Esgotamento Sanitário de Confins;Obra promove a ampliação dos índices de tratamento, beneficiando mais de 4,5 mil moradores de Confins e do distrito de Tavares. A Copasa concluiu as obras do Sistema de Esgotamento Sanitário (SES) de Confins e do distrito de Tavares, proporcionando um salto significativo na saúde pública e na proteção ambiental da região. A operação do novo sistema teve início em outubro de 2025, beneficiando 4.507 moradores, com projeção de atendimento a 5.187 pessoas até 2040. Até 2024, o município não possuía rede pública de esgoto. O serviço era feito por fossas sépticas, sem tratamento coletivo, o que trazia riscos ambientais e sanitários. Com a conclusão do novo SES, o esgoto da sede de Confins passa a ser coletado e conduzido à Estação de Tratamento de Esgoto (ETE) de Pedro Leopoldo, enquanto os efluentes coletados no distrito de Tavares passam a ser tratados na ETE de São José da Lapa. Essa entrega eleva os índices de saneamento da região: 90% de coleta e tratamento de esgoto na sede de Confins e 60% no distrito de Tavares, aproximando o município das metas de universalização definidas no Marco Legal do Saneamento e atendendo às obrigações pactuadas com o Ministério Público.
Copasa reduz emissões com tecnologia de queima enclausurada de biogás;Alinhada aos debates sobre as mudanças climáticas que estão acontecendo desde o dia 10 de novembro na COP 30, em Belém, uma iniciativa da Copasa revela a viabilidade da descarbonização em setores vitais. O projeto de queima enclausurada de biogás em Estações de Tratamento de Esgoto (ETEs) desenvolvido na Companhia emerge como um case inspirador, reafirmando seu compromisso com a sustentabilidade e a inovação. A tecnologia de queima enclausurada de biogás atinge uma eficiência de mais de 98% na eliminação dos gases poluentes gerados nos processos de tratamento de esgoto. O foco da iniciativa recai sobre gases odorantes, que podem causar a percepção de maus odores nas estações, além do metano, que é um gás com potencial de causar o efeito estufa. Com um investimento de R$ 1,2 milhão, esta fase inicial do projeto, concluída em setembro de 2025, envolveu seis Estações de Tratamento de Esgoto da Região Metropolitana de Belo Horizonte (RMBH): ETEs Nova Contagem, Mateus Leme, Pedro Leopoldo, Veneza, Vale do Sereno e Vila Maria, priorizadas por estarem em áreas com maior impacto de odores. O benefício vai muito além da mitigação ou minimização de odores. A tecnologia promove a conversão do metano – um gás de efeito estufa altamente nocivo à atmosfera – em dióxido de carbono biogênico. Essa ação representa um grande avanço na redução das emissões de carbono pelo setor de saneamento, alinhando as práticas da Copasa às discussões globais sobre a necessidade urgente de frear o aquecimento global. A redução das emissões de gases de efeito estufa promove um ganho ambiental que ressoa com as metas de descarbonização que estão sendo debatidas na COP 30. Trata-se de uma contribuição concreta do setor de saneamento para a agenda global de mitigação. O Inventário de Emissões de Gases de Efeito Estufa (GEE) da Copasa evidencia a capacidade da companhia de mitigar emissões, com a substituição dos queimadores abertos por modelos enclausurados. Com essa iniciativa, além de contribuir para o meio ambiente, a Copasa apresenta um modelo de negócio adaptado e resiliente às exigências de uma economia de baixo carbono. O projeto da Copasa tem potencial para evitar a emissão de aproximadamente 8 mil toneladas de CO? por ano. Este dado, por si só, já coloca a Companhia em uma posição estratégica para uma futura obtenção de créditos de carbono. A iniciativa está em total sintonia com a agenda ESG (Environmental, Social, and Governance), reafirmando o compromisso da empresa com a eficiência, a promoção da saúde pública e uma responsabilidade socioambiental que vai além do básico. Ao fazer isso, a Copasa reforça seu papel como agente transformador na construção de um futuro mais sustentável através da mitigação das mudanças climáticas.
Materialidade e a Gestão da Sustentabilidade na Copasa;A Copasa realizou nos dias 3 e 4 de novembro uma série de encontros estratégicos focados na integração dos fatores de sustentabilidade à gestão da Companhia. O ponto focal dos debates foi a Materialidade, consolidada como a ferramenta essencial para direcionar investimentos e esforços em temas de alto impacto. Coordenado pela Superintendência de Desenvolvimento Sustentável, a iniciativa foi apresentada pelo diretor de Clientes, Comunicação e Sustentabilidade, Cleyson Jacomini e conduzida pela superintendente de Desenvolvimento Sustentável, Luciana Barbosa junto com o fundador e sócio-diretor da consultoria BlendOn, Denys Roman. A Materialidade foi apresentada como o conceito-chave para a estratégia da Copasa e a principal conclusão é clara: a sustentabilidade transcende a esfera da responsabilidade social e ambiental, posicionando-se como um imperativo de gestão que exige ação coordenada e imediata em todas as áreas da Companhia. A gestão da sustentabilidade foi destacada como vantagem competitiva no mercado, reforçando que deve estar internalizada em todas as operações. Para Luciana Barbosa, Superintendente de Desenvolvimento Sustentável, “a materialidade é uma ferramenta estratégica essencial que permite à empresa focar seus esforços e recursos nos temas de sustentabilidade mais relevantes, transformando riscos em oportunidades e garantindo a resiliência e a competitividade do negócio no futuro.”
Nova ETE transforma cenário do saneamento em Juatuba;A Copasa recebeu, na última segunda-feira (10/11), o prefeito de Juatuba, Kelissander Saliba Santos (Ted) e vereadores para uma visita técnica às obras da Estação de Tratamento de Esgoto (ETE) Juatuba, no bairro Nova Esperança. A intervenção, considerada uma das mais importantes em execução no município, marca um avanço significativo na ampliação da infraestrutura de saneamento e atende a uma demanda histórica da população. Iniciada em 2023, a obra está prevista para ser concluída no segundo semestre de 2026. Com a nova estrutura, Juatuba ampliará de forma expressiva a capacidade de coleta e tratamento de esgoto, reforçando ações de saúde pública, proteção ambiental e desenvolvimento urbano. Com investimento de quase R$ 50 milhões, o projeto inclui a implantação de 30 quilômetros de rede coletora, seis quilômetros de interceptores e a construção de cinco elevatórias, responsáveis pelo bombeamento do esgoto. A visita desta segunda-feira reuniu representantes da Copasa e da Prefeitura para acompanhar o ritmo das frentes de trabalho e reforçar o compromisso conjunto com o avanço do saneamento na cidade. Na ocasião, o diretor de Engenharia e Meio Ambiente da Copasa, Pablo Andreão, destacou a relevância do empreendimento e o impacto que ele terá para Juatuba. “Essa é uma obra importantíssima que vai garantir, já em 2026, a universalização do esgotamento sanitário de Juatuba, ou seja, nós estamos antecipando a meta do marco do saneamento em praticamente sete anos, já que a meta estipulada pelo Marco do Saneamento é 2033. Um benefício enorme para a população, para a cidade de Juatuba e para o meio ambiente”, ressaltou. O prefeito de Juatuba, Ted Saliba, também reforçou o impacto positivo da obra, destacando o alcance regional do projeto. “Estou aqui hoje junto com os vereadores e os técnicos da Copasa acompanhando a obra da nossa estação de tratamento de esgoto, obra muito importante que trará muito benefício para a nossa cidade. Essa é uma obra importante da prefeitura junto à Copasa para que a gente possa trazer saneamento básico para toda a nossa cidade”, afirmou. Com a nova ETE, Juatuba avança de forma decisiva na expansão do saneamento e se prepara para garantir mais qualidade de vida e desenvolvimento para a população.
Membros do CBH Velhas e subcomitê Águas da Moeda conhecem a ETE Jardim Canadá, em Nova Lima;Conselheiros do SCBH Águas da Moeda, representantes da Prefeitura de Nova Lima, além de integrantes de movimentos ambientais e da sociedade civil organizada de Nova Lima e entorno realizaram uma visita técnica à Estação de Tratamento de Esgoto da Copasa localizada no bairro Jardim Canadá, em Nova Lima, nesta quinta-feira, dia 6. Além de conhecer as instalações e todas as etapas do tratamento dos efluentes da região, a visita marcou o estreitamento do relacionamento da Companhia com as organizações de proteção do Meio Ambiente com atuação no subcomitê, que faz parte do Comitê da Bacia Hidrográfica do Rio das Velhas. A ação foi coordenada pelas Superintendências de Tratamento de Esgoto (SPTE) e de Desenvolvimento Operacional e Inovação (SPDI) com a participação da Superintendência de Desenvolvimento Sustentável (SPDS). Participaram os superintendentes Albino Campos  e Nelson Guimarães, o gerente de Tratamento de Esgoto da RMBH, Saulo Nonato de Souza (GTEM) e o supervisor de Mobilização Social da Gerência de Desenvolvimento Social, Diego Caldeira (GNDS). Albino Campos, celebrou o encontro e destacou que essa iniciativa inaugura um novo modelo de diálogo da Copasa com as organizações ambientais com o objetivo de levar mais informações com transparência a todos. “Esse momento é importante e necessário para o alinhamento de informações a respeito das ações desenvolvidas pela companhia, com o apoio do município, visando à melhoria contínua da prestação de serviços na região . Foi um momento importante para que a Companhia acolhesse as necessidades e expectativas dos participantes, no sentido estabelecer um canal direto de comunicação ,” explicou Albino. Já Nelson Guimarães falou sobre a participação da COPASA no Comitê de Bacias e trouxe informações referentes ao processo de discussão, em andamento no CBH Velhas, referente a revisão do enquadramento dos cursos de água na bacia hidrográfica. Reforçou que a Estação Ecológica do Fechos, onde a COPASA possui captação de água é protegida por lei, garantindo o enquadramento atual no interior da unidade de conservação. As unidades que fazem parte da estação, como os reatores anaeróbios, filtros biológicos percoladores, decantadores secundários e centrífuga foram apresentados por Saulo Souza. O gerente também explicou como ocorre o processo de tratamento e ressaltou que a ETE opera com eficiência superior ao preconizado pela legislação ambiental vigente. “A ETE Jardim Canadá tem capacidade para tratar 50 litros por segundo (4,32 milhões de litros por dia), atualmente opera com vazão média afluente de 30 litros por segundo. Isso significa que está preparada para receber  e tratar todo o esgoto gerado no bairro Jardim Canadá e região do entorno.”
Copasa bate novo recorde histórico e investe R$ 2 bilhões em apenas nove meses;Resultados de janeiro a setembro de 2025 mostram um crescimento de 26% em relação ao mesmo período do ano passado. Durante teleconferência para divulgação do balanço financeiro da empresa, nesta terça-feira (4/11), o presidente Fernando Passalio anunciou que R$ 2 bilhões foram investidos em apenas nove meses de 2025, valor que se aproxima de todo volume de 2024, melhor ano da Companhia. Segundo o resultado do 3º trimestre deste ano, esse valor é 26% superior ao investido no mesmo período de 2024. “Trata-se de mais uma marca inédita que atingimos e que entra para a história da Companhia. Entendemos que a agenda que estamos trabalhando está permitindo oportunidades de expansão e criação de valor do setor de saneamento no Brasil”, disse o presidente. “Temos um vasto campo para investir, modernizar e crescer, gerando retornos sólidos e contribuindo de forma decisiva para a universalização do acesso à água e ao esgoto. O que estamos construindo desde 2019 é uma nova Copasa: mais ágil, eficiente, com maior capacidade de investimento e pronta para cumprir sua missão com excelência”, concluiu Passalio. O diretor Financeiro e de Relações com Investidores, Adriano Rudeck, expôs ainda que com os investimentos robustos aplicados no combate às perdas de água em todo o Estado, a Copasa conseguiu mais uma vez reduzir o índice. Segundo o balanço, houve redução de 38,4% para 37,3%. Também houve avanços em outros indicadores operacionais da empresa: o de empregados por mil ligações, que passou de 1,23 para 1,19, refletiu maior eficiência na gestão de recursos humanos e operacionais. O índice de cobertura de água continua acima de 99%, atendendo às metas do Novo Marco do Saneamento antes do prazo de 2033. Quanto ao esgotamento sanitário, o índice de cobertura global para esgoto coletado e tratado chegou a 78,4% em setembro de 2025 (77,3% em 12/2024), sendo que o Marco do Saneamento determina que o índice de coleta e tratamento atinja 90% até 2033. R$ 2 bilhões foram investidos em apenas nove meses de 2025. As agências Fitch Ratings e Moody’s atribuíram à Copasa o mais elevado grau de classificação – rating “AAA”, com perspectiva estável, destacando a robustez financeira da Companhia, sua governança corporativa e a consistência dos resultados.
Copasa investe mais de R$ 1 milhão em ações ambientais em Salinas;A Copasa, por meio do programa Pró-Mananciais, desenvolvido pela Gerência de Desenvolvimento Ambiental, investiu, entre maio e outubro deste ano, mais de R$ 1 milhão em ações de preservação ambiental na zona rural de Salinas, no Norte de Minas. A meta é cuidar dos cursos d’água utilizados para abastecimento público e favorecer o desenvolvimento sustentável. Os recursos foram alocados para a adequação de estradas rurais com a instalação de bacias de contenção de águas de chuva, lombadas, bigodes e a construção de curvas em nível. As iniciativas foram desenvolvidas nas comunidades de Capivara, Patricinho, Patrição, Rio das Antas, Malhada Nova e Matrona para proteger a microbacia hidrográfica do rio Salinas. Durante cinco meses, os investimentos viabilizaram um total de 669 bolsões (bacias escavadas no solo para contenção da água da chuva), 41 quilômetros de curva de nível (elevações escavadas na terra para evitar erosões), 808 bigodes, 108 lombadas, além da manutenção de 103 quilômetros de estradas rurais. De acordo com a assistente socioambiental da Copasa, Adriana Tolentino, as intervenções visam melhorar a drenagem e conservação do solo, minimizar o impacto das enxurradas, por meio do escoamento adequado das águas de chuva, possibilitando a infiltração da água no lençol freático, bem como evitar o assoreamento dos mananciais. “As ações socioambientais do Pró-Mananciais realizadas em parceria com os Coletivos Locais de Meio Ambiente (Colmeias) produzem resultados satisfatórios para a preservação das nascentes, facilitando a infiltração das águas de chuva no solo e a recuperação das fontes de abastecimento das localidades beneficiadas”, afirmou. A população das áreas contempladas reconhece o valor das ações para o meio ambiente, como confirma Gentil Moreira Durães e Valdivino Lima Barbosa, moradores de Malhada Nova e Capivara. “As atividades vão contribuir para a fertilidade do solo e evitar o assoreamento das fontes de produção de água que abastecem Salinas e as demais comunidades”.
Copasa inicia obras para melhorar redes de água e esgoto em Jequitinhonha;A Copasa iniciou neste mês obras para implantar novos trechos das redes de água e esgoto na rua Elza Mourão, bairro Santo Antônio, no município de Jequitinhonha, no Vale do Jequitinhonha. A intervenção tem como objetivo garantir mais qualidade e segurança hídrica no atendimento à população da região. As obras contam com investimento aproximado de R$ 120 mil e têm como foco a melhoria dos sistemas de abastecimento de água e esgotamento sanitário. Embora não haja ampliação do atendimento, os trabalhos beneficiarão diretamente cerca de 86 usuários, garantindo maior eficiência e confiabilidade na prestação dos serviços. O gerente substituto da região, Éverton Nunes, destaca que as melhorias previstas na obra devem reduzir o número de intervenções na via, graças à substituição do trecho de rede de cimento-amianto por PVC. “O remanejamento da rede de esgoto também permite melhor direcionamento do fluxo, prevenindo entupimentos e extravasamentos na rede condominial existente”, explicou. Durante a execução, os ramais prediais de água e esgoto das unidades afetadas serão remanejados para a nova rede, assegurando continuidade e segurança no fornecimento dos serviços. O trabalho está previsto para ser concluído ainda na primeira quinzena de novembro deste ano.
Após plano de ação bem-sucedido, Copasa reduz perdas de água em Conquista;Para garantir um abastecimento cada vez mais eficiente em Conquista, no Triângulo Mineiro, a Copasa reduziu em 8% as perdas de água na cidade. O plano de ação alia tecnologia e intervenções operacionais para combater vazamentos de diferentes proporções. As atividades têm beneficiado os cerca de 6 mil moradores. Como reflexo, a população conta com maior segurança hídrica. Menos água é retirada do córrego Lageado, manancial que abastece a cidade, contribuindo para a sua perenidade. E a operação tornou-se mais eficaz, com menor desperdício de produtos e de matéria-prima. Em andamento desde 2023, a Companhia direcionou R$ 145 mil para viabilizar as movimentações. A prática foi tão assertiva que se difundiu entre outros municípios também atendidos pela Copasa na região do Alto Paranaíba e Triângulo Mineiro. Leonardo Sobral, técnico de projetos e obras, destacou a cooperação. “A equipe de Conquista teve um grande engajamento e empenho para implementar as ações, o que foi primordial para o sucesso do Programa de Gestão, Controle e Redução de Perdas de Água”, afirmou. Com intuito de alcançar esse resultado, as equipes locais em parceria com as de apoio técnico realizaram um estudo para cadastro das tubulações de fornecimento em um dispositivo eletrônico. Posteriormente, o mapeamento foi transferido para um software capaz de simular diferentes manutenções de melhorias nas redes. Paralelo a isso, os empregados percorreram, por diversas vezes, todo o perímetro urbano. Utilizando equipamentos com hastes de escuta otimizadas – que por meio da inteligência artificial detectavam até mesmo vazamentos ocultos e de pequeno porte – encontraram e sanaram perdas. Ainda passaram por treinamentos para implantação de planilhas para aprimorar a gestão das redes. Outro aliado no processo foi a implantação de supervisórios, uma espécie de central de monitoramento que pode ser acessada remotamente e em tempo real pelos empregados. Com funcionamento 24 horas por dia, ela permite saber como está o funcionamento de bombas e nível dos reservatórios, sem que as equipes precisem se deslocar para isso. “Adotamos uma série de práticas e, em parceria com o setor técnico, conseguimos melhorar o abastecimento para os conquistenses. Isso representa um ganho para a sociedade, para a Companhia e para nosso compromisso com o desenvolvimento e com a sustentabilidade”, destacou Junior Mattos, encarregado do sistema de Conquista. A Copasa está em Conquista desde 1979. Diariamente, a empresa distribui, em média, 1,2 milhão de litros aos 2.850 imóveis.
Obras de R$ 8,6 milhões beneficiarão 30 mil moradores na Bacia do São Francisco;Com investimentos totais de R$ 8,6 milhões, a Copasa iniciou nesta semana as obras de ampliação do sistema de abastecimento de água de Três Marias e do distrito de Beira Rio, pertencente a São Gonçalo do Abaeté, ambos localizados na Bacia do Rio São Francisco. Essas frentes de serviços visam garantir segurança hídrica e qualidade de vida para 30 mil moradores da região. Assim que forem concluídas, essas obras representarão um aumento de 50% na reservação de água para Três Marias e Beira Rio, importantes polos turísticos da região, segundo informou o gerente de Expansão da Copasa, Fabrício Rezende. A previsão de término das intervenções é no segundo semestre de 2026. “Estamos avançando com um cronograma bem estruturado para garantir que cada etapa seja concluída com qualidade e dentro do prazo. Após a instalação das novas redes e reservatórios, teremos fases complementares voltadas à interligação e testes do sistema, assegurando que tudo funcione de forma eficiente”, explicou Rezende. Em Três Marias, a ampliação é significativa e custará R$ 7,1 milhões. Serão instalados 12 mil metros de redes adutoras, além da instalação de três reservatórios e remanejamento de outras duas unidades. Esse conjunto de obras vai aumentar em 1,2 milhão de litros de água a capacidade de reservação, garantindo equilíbrio no sistema em períodos de seca e alto consumo. Já no distrito de Beira Rio, em São Gonçalo do Abaeté, as obras no valor de R$ 1,5 milhão começaram com a instalação de 2,6 mil metros de redes adutoras. Com essa estrutura, haverá condição de a Copasa fornecer maior volume de água distribuída aos moradores, principalmente em feriados e dias quentes, quando a população flutuante aumenta consideravelmente. Também localizado às margens do São Francisco, Beira Rio é um importante ponto turístico e econômico para a região. Ele é conhecido por oferecer atividades de lazer, como pesca esportiva, passeios náuticos e banhos em cachoeiras. A localidade também tem um histórico de eventos culturais, como festivais de ecoturismo. O distrito também terá um novo reservatório de água com capacidade de 200 mil litros. “Teremos melhoria na regularidade do fornecimento e aumento na disponibilidade de água, garantindo assim a segurança hídrica em momentos de escassez e trazendo mais conforto e qualidade de vida para população local”, destacou o encarregado do polo, Fabrício Evangelista.
Polícia Civil e Copasa realizam operação Água Limpa em repressão a ‘gatos’ em Simonésia;Nesta terça-feira (28/10), a Polícia Civil de Minas Gerais (PCMG) e a Copasa deflagraram a operação Água Limpa, com foco no combate a ligações clandestinas, em Simonésia, Zona da Mata. Durante as fiscalizações, foram identificados “gatos” – desvio irregular de água do sistema público de abastecimento – em imóveis residenciais e comerciais. A prática é tipificada como crime de furto, previsto no artigo 155 do Código Penal Brasileiro. Nesse sentido, além da atuação investigativa, as equipes da PCMG e da Copasa orientaram moradores e comerciantes quanto à necessidade de manter as ligações devidamente regularizadas, bem como informaram sobre os prejuízos gerados pelas irregularidades. A PCMG e a Copasa reforçam que o furto de água, além de ilegal e passível de responsabilização criminal, compromete a qualidade do serviço prestado e provoca impactos financeiros para a coletividade, já que os custos das perdas são repassados aos consumidores regulares do sistema. 12 ligações de forma incorretas foram desligadas e outras 108 suspeitas estão sendo apuradas. Segundo a superintendente de Operações Norte e Leste da Copasa, Melissa Seixas, a Copasa, por meio dos seus mecanismos de execução e controle de serviços, passou a averiguar ocorrências que surgiram como estranhas em Simonésia. “Após verificação in loco, foram constatadas em princípio 12 ligações executadas de forma incorreta e fraudulenta e existem outras 108 em suspeitas que serão apuradas”, informa. A perícia oficial da Polícia Civil acompanhou a operação e confirmou irregularidades encontradas. “Diante da quantidade significativa de desvios, os prejuízos identificados são considerados relevantes, caracterizando uma prática em massa na localidade”, pontua o delegado Almir Fraga Lugon. Também de acordo Lugon, as investigações apuram possível envolvimento de funcionários da Copasa nas fraudes detectadas.  Os levantamentos prosseguem, em atuação integrada, para esclarecer todas as circunstâncias e identificar os responsáveis, bem como para garantir o uso regular e justo dos serviços públicos essenciais. “A Copasa está adotando as medidas internas em relação aos colaboradores que foram identificados. Vale destacar que a Companhia acionou a Polícia Civil para que fizesse a verificação das irregularidades e abrisse a investigação para apurar todos os responsáveis”, afirma Melissa Seixas, ao pontuar que dois funcionários já foram afastados das atividades, até que as investigações sejam concluídas.
